{"cameraMode":{"drawMode":0,"name":"Shaded","section":"Shading Mode"},"sceneLighting":false,"audioPlay":false,"sceneViewState":{"m_AlwaysRefresh":false,"showFog":true,"showSkybox":false,"showFlares":true,"showImageEffects":true,"showParticleSystems":true,"showVisualEffectGraphs":true,"m_FxEnabled":true},"in2DMode":false,"pivot":{"x":19.092559814453126,"y":-26.448143005371095,"z":-11.864520072937012},"rotation":{"x":0.16006945073604585,"y":0.8393241763114929,"z":-0.34975525736808779,"w":0.3842339515686035},"size":21.341777801513673,"orthographic":false}