{"cameraMode":{"drawMode":0,"name":"Shaded","section":"Shading Mode"},"sceneLighting":false,"audioPlay":false,"sceneViewState":{"m_AlwaysRefresh":false,"showFog":true,"showSkybox":false,"showFlares":true,"showImageEffects":true,"showParticleSystems":true,"showVisualEffectGraphs":true,"m_FxEnabled":true},"in2DMode":false,"pivot":{"x":26.922645568847658,"y":-6.603189945220947,"z":-11.782333374023438},"rotation":{"x":0.07216781377792359,"y":0.9137620329856873,"z":-0.1864785999059677,"w":0.35367870330810549},"size":17.950984954833986,"orthographic":false}